<annotation>
	<folder>train</folder>
	<filename>banana_53.jpg</filename>
	<path>E:\AI_big_homework\yolov\yolov5-master\fruits\datasets\images\train\banana_53.jpg</path>
	<source>
		<database>Unknown</database>
	</source>
	<size>
		<width>409</width>
		<height>440</height>
		<depth>3</depth>
	</size>
	<segmented>0</segmented>
	<object>
		<name>banana</name>
		<pose>Unspecified</pose>
		<truncated>1</truncated>
		<difficult>0</difficult>
		<bndbox>
			<xmin>6</xmin>
			<ymin>2</ymin>
			<xmax>409</xmax>
			<ymax>440</ymax>
		</bndbox>
	</object>
</annotation>
