<annotation>
	<folder>train</folder>
	<filename>banana_60.jpg</filename>
	<path>E:\AI_big_homework\yolov\yolov5-master\fruits\datasets\images\train\banana_60.jpg</path>
	<source>
		<database>Unknown</database>
	</source>
	<size>
		<width>900</width>
		<height>700</height>
		<depth>3</depth>
	</size>
	<segmented>0</segmented>
	<object>
		<name>banana</name>
		<pose>Unspecified</pose>
		<truncated>0</truncated>
		<difficult>0</difficult>
		<bndbox>
			<xmin>18</xmin>
			<ymin>44</ymin>
			<xmax>597</xmax>
			<ymax>431</ymax>
		</bndbox>
	</object>
	<object>
		<name>banana</name>
		<pose>Unspecified</pose>
		<truncated>0</truncated>
		<difficult>0</difficult>
		<bndbox>
			<xmin>61</xmin>
			<ymin>185</ymin>
			<xmax>574</xmax>
			<ymax>640</ymax>
		</bndbox>
	</object>
</annotation>
