<annotation>
	<folder>train</folder>
	<filename>banana_71.jpg</filename>
	<path>E:\AI_big_homework\yolov\yolov5-master\fruits\datasets\images\train\banana_71.jpg</path>
	<source>
		<database>Unknown</database>
	</source>
	<size>
		<width>478</width>
		<height>224</height>
		<depth>3</depth>
	</size>
	<segmented>0</segmented>
	<object>
		<name>banana</name>
		<pose>Unspecified</pose>
		<truncated>0</truncated>
		<difficult>0</difficult>
		<bndbox>
			<xmin>96</xmin>
			<ymin>46</ymin>
			<xmax>401</xmax>
			<ymax>155</ymax>
		</bndbox>
	</object>
</annotation>
