<annotation>
	<folder>train</folder>
	<filename>orange_68.jpg</filename>
	<path>E:\AI_big_homework\yolov\yolov5-master\fruits\datasets\images\train\orange_68.jpg</path>
	<source>
		<database>Unknown</database>
	</source>
	<size>
		<width>602</width>
		<height>477</height>
		<depth>3</depth>
	</size>
	<segmented>0</segmented>
	<object>
		<name>orange</name>
		<pose>Unspecified</pose>
		<truncated>1</truncated>
		<difficult>0</difficult>
		<bndbox>
			<xmin>162</xmin>
			<ymin>43</ymin>
			<xmax>602</xmax>
			<ymax>477</ymax>
		</bndbox>
	</object>
</annotation>
