<annotation>
	<folder>train</folder>
	<filename>orange_42.jpg</filename>
	<path>E:\AI_big_homework\yolov\yolov5-master\fruits\datasets\images\train\orange_42.jpg</path>
	<source>
		<database>Unknown</database>
	</source>
	<size>
		<width>1969</width>
		<height>1969</height>
		<depth>3</depth>
	</size>
	<segmented>0</segmented>
	<object>
		<name>orange</name>
		<pose>Unspecified</pose>
		<truncated>0</truncated>
		<difficult>0</difficult>
		<bndbox>
			<xmin>83</xmin>
			<ymin>99</ymin>
			<xmax>1951</xmax>
			<ymax>1929</ymax>
		</bndbox>
	</object>
</annotation>
